Type;Category;Family;Genus;Species;Mean_BodySize_µm;Habitat;Name;Sub-Phylum;Name_Abbreviation;Log10_BodySize
Pluricellular;Fish;Esocidae;Esox ;lucius;9,00E+05;pel/ben;Esox  lucius;vertebrate;Esxl;5.95424250943933
Pluricellular;Fish;Cyprinidae;Cyprinus;carpio;625000;ben;Cyprinus carpio;vertebrate;Cypc;5.79588001734407
Pluricellular;Fish;Percidae;Sander ;lucioperca;575000;pel/ben;Sander  lucioperca;vertebrate;Sndl;5.75966784468963
Pluricellular;Fish;Salmonidae;Salmo;trutta;525000;pel;Salmo trutta;vertebrate;Slmt;5.72015930340596
Pluricellular;Fish;Salmonidae;Salvelinus;alpinus;350000;pel/ben;Salvelinus alpinus;vertebrate;Slva;5.54406804435028
Pluricellular;Fish;Cyprinidae;Abramis ;brama;350000;ben;Abramis  brama;vertebrate;Abrb;5.54406804435028
Pluricellular;Fish;Cyprinidae;Squalius ;cephalus;350000;pel/ben;Squalius  cephalus;vertebrate;Sqlc;5.54406804435028
Pluricellular;Fish;Lotidae;Lota;lota;325000;ben;Lota lota;vertebrate;Ltlt;5.51188336097887
Pluricellular;Fish;Salmonidae;Coregonus;lavaretus;325000;pel;Coregonus lavaretus;vertebrate;Crgl;5.51188336097887
Pluricellular;Fish;Cyprinidae;Tinca;tinca;325000;ben;Tinca tinca;vertebrate;Tnct;5.51188336097887
Pluricellular;Fish;Percidae;Perca;fluviatilis;3,00E+05;pel/ben;Perca fluviatilis;vertebrate;Prcf;5.47712125471966
Pluricellular;Fish;Esocidae;Esox ;lucius;255000;pel/ben;Esox  lucius juv;vertebrate;Eslj;5.40654018043396
Pluricellular;Fish;Cyprinidae;Blicca ;bjoerkna;225000;ben;Blicca  bjoerkna;vertebrate;Blcb;5.35218251811136
Pluricellular;Fish;Ictaluridae;Ameiurus;melas;225000;ben;Ameiurus melas;vertebrate;Amrm;5.35218251811136
Pluricellular;Fish;Cyprinidae;Scardinius ;erythrophthalmus;2,00E+05;pel;Scardinius  erythrophthalmus;vertebrate;Scre;5.30102999566398
Pluricellular;Fish;Cyprinidae;Rutilus;rutilus;125000;pel/ben;Rutilus rutilus;vertebrate;Rtlr;5.09691001300806
Pluricellular;Fish;Salmonidae;Salmo;trutta;125000;pel;Salmo trutta juv;vertebrate;Sltj;5.09691001300806
Pluricellular;Fish;Cyprinidae;Alburnus ;alburnus;115000;pel;Alburnus  alburnus;vertebrate;Alba;5.06069784035361
Pluricellular;Invertebrates;Unionidae;Anodonta;cygnea;1,00E+05;ben;Anodonta cygnea;invertebrate;Andc;5
Pluricellular;Invertebrates;Unionidae;Unio;pictorum;1,00E+05;ben;Unio pictorum;invertebrate;Unpc;5
Pluricellular;Fish;Cyprinidae;Gobio;gobio;1,00E+05;ben;Gobio gobio;vertebrate;Gbgb;5
Pluricellular;Fish;Percidae;Gymnocephalus ;cernua;1,00E+05;ben;Gymnocephalus  cernua;vertebrate;Gymc;5
Pluricellular;Fish;Cottidae;Cottus;gobio;90000;ben;Cottus gobio;vertebrate;Cttg;4.95424250943933
Pluricellular;Invertebrates;Astacidae;Pacifastacus;leniusculus;87500;ben;Pacifastacus leniusculus;invertebrate;Pcfl;4.94200805302231
Pluricellular;Fish;Blenniidae;Salaria;fluviatilis;80000;ben;Salaria fluviatilis;vertebrate;Slrf;4.90308998699194
Pluricellular;Fish;Percidae;Perca;fluviatilis;75000;pel/ben;Perca fluviatilis juv;vertebrate;Prfj;4.8750612633917
Pluricellular;Fish;Centrarchidae;Lepomis ;gibbosus;70000;ben;Lepomis  gibbosus;vertebrate;Lpmg;4.84509804001426
Pluricellular;Invertebrates;Cambaridae;Orconectes;limosus;62500;ben;Orconectes limosus;invertebrate;Orcl;4.79588001734407
Pluricellular;Macroalgae;Batrachospermaceae;Batrachospermum;macrosporum;60000;ben;Batrachospermum macrosporum;phytoplankton;Btrm;4.77815125038364
Pluricellular;Macroalgae;Cladophoraceae;Cladophora;glomerata;60000;ben;Cladophora glomerata;phytoplankton;Cldg;4.77815125038364
Pluricellular;Macroalgae;Zygnemataceae;Mougeotia;gracillima;60000;pel/ben;Mougeotia gracillima;phytoplankton;Mgtg;4.77815125038364
Pluricellular;Macroalgae;Zygnemataceae;Spirogyra;sp.;60000;pel/ben;Spirogyra sp;phytoplankton;Sprs;4.77815125038364
Pluricellular;Macroalgae;Cladophoraceae;Rhizoclonium;sp.;60000;pel/ben;Rhizoclonium sp;phytoplankton;Rhzs;4.77815125038364
Pluricellular;Macroalgae;Vaucheriaceae;Vaucheria;sp.;60000;ben;Vaucheria sp;phytoplankton;Vchs;4.77815125038364
Pluricellular;Macroalgae;Zygnemataceae; Zygnema;sp.;60000;pel/ben; Zygnema sp;phytoplankton;Zygs;4.77815125038364
Pluricellular;Fish;Salmonidae;Coregonus;lavaretus;55000;pel;Coregonus lavaretus juv;vertebrate;Crlj;4.74036268949424
Unicellular;Cyanobacteria;Oscillatoriaceae;Lyngbya;sp.;50035;pel;Lyngbya sp;cyanobacteria;Lyns;4.69927390412083
Pluricellular;Invertebrates;Tubificidae;Spirosperma;ferox;37500;ben;Spirosperma ferox;invertebrate;Sprf;4.57403126772772
Pluricellular;Invertebrates;Tubificidae;Spirosperma;velutinus;37500;ben;Spirosperma velutinus;invertebrate;Sprv;4.57403126772772
Pluricellular;Invertebrates;Tubificidae;Tubifex;tubifex;32500;ben;Tubifex tubifex;invertebrate;Tbft;4.51188336097887
Pluricellular;Invertebrates;Tubificidae;Limnodrilus;hoffmeisteri;32500;ben;Limnodrilus hoffmeisteri;invertebrate;Lmndh;4.51188336097887
Pluricellular;Invertebrates;Dreissenidae;Dreissena;polymorpha;25000;ben;Dreissena polymorpha;invertebrate;Drsp;4.39794000867204
Pluricellular;Invertebrates;Tubificidae;Psammoryctides;barbatus;22500;ben;Psammoryctides barbatus;invertebrate;Psmb;4.35218251811136
Pluricellular;Invertebrates;Coenagrionidae;fam.;sp.;20500;ben;Coenagrionidae sp;invertebrate;Cngs;4.31175386105575
Pluricellular;Invertebrates;Glossiphoniidae;Glossiphonia;sp.;19000;ben;Glossiphonia sp;invertebrate;Glss;4.27875360095283
Pluricellular;Invertebrates;Gomphidae;Onychogomphus;sp.;18500;ben;Onychogomphus sp;invertebrate;Onys;4.26717172840301
Pluricellular;Invertebrates;Libellulidae;Orthetrum;sp.;18500;ben;Orthetrum sp;invertebrate;Orthts;4.26717172840301
Pluricellular;Invertebrates;Corbiculidae;Corbicula;sp.;17500;ben;Corbicula sp;invertebrate;Crbs;4.24303804868629
Pluricellular;Macroalgae;Chaetophoraceae;Chaetophora;sp.;17500;ben;Chaetophora sp;phytoplankton;Chts;4.24303804868629
Pluricellular;Invertebrates;Gammaridae;Dikerogammarus;sp.;16500;ben;Dikerogammarus sp;invertebrate;Dkrs;4.21748394421391
Pluricellular;Invertebrates;Ephemeridae;Ephemera;sp.;16250;pel/ben;Ephemera sp;invertebrate;Ephs;4.21085336531489
Pluricellular;Invertebrates;Polycentropodidae;Plectrocnemia;sp.;14100;pel/ben;Plectrocnemia sp;invertebrate;Plcs;4.14921911265538
Pluricellular;Invertebrates;Gammaridae;Gammarus;sp.;14000;ben;Gammarus sp;invertebrate;Gmms;4.14612803567824
Pluricellular;Invertebrates;Crambidae;Elophila;sp.;13500;ben;Elophila sp;invertebrate;Elps;4.13033376849501
Pluricellular;Invertebrates;Planorbidae;Planorbis;carinatus;13500;ben;Planorbis carinatus;invertebrate;Plnc;4.13033376849501
Pluricellular;Invertebrates;Tubificidae;Aulodrilus;japonicus;13500;ben;Aulodrilus japonicus;invertebrate;Aldj;4.13033376849501
Pluricellular;Invertebrates;Tubificidae;Aulodrilus;pluriseta;13500;ben;Aulodrilus pluriseta;invertebrate;Aldp;4.13033376849501
Pluricellular;Invertebrates;Physidae;Physa;sp.;12500;ben;Physa sp;invertebrate;Phys;4.09691001300806
Pluricellular;Zooplankton;Leptodoridae;Leptodora;kindtii;12500;pel;Leptodora kindtii;invertebrate;Lptk;4.09691001300806
Pluricellular;Zooplankton;Cercopagididae;Bythotrephes;longimanus;12500;pel;Bythotrephes longimanus;invertebrate;Bytl;4.09691001300806
Pluricellular;Invertebrates;Lymnaeidae;Lymnaea;stagnalis;10500;ben;Lymnaea stagnalis;invertebrate;Lyms;4.02118929906994
Pluricellular;Invertebrates;Polycentropodidae;Holocentropus;sp.;10250;pel/ben;Holocentropus sp;invertebrate;Hlcs;4.01072386539177
Pluricellular;Invertebrates;Nematodes;Nematoda;sp.;10050;ben;Nematoda sp;invertebrate;Nmts;4.00216606175651
Unicellular;Cyanobacteria;Phormidiaceae;Planktothrix;agardhii;10035;pel;Planktothrix agardhii;cyanobacteria;Plna;4.0015173768235
Unicellular;Cyanobacteria;Phormidiaceae;Planktothrix;rubescens;10035;pel;Planktothrix rubescens;cyanobacteria;Plnkr;4.0015173768235
Pluricellular;Invertebrates;Leptoceridae;Athripsodes;sp.;9600;pel/ben;Athripsodes sp;invertebrate;Aths;3.98227123303957
Pluricellular;Invertebrates;Leptoceridae;Oecetis ;testacea;9600;pel/ben;Oecetis  testacea;invertebrate;Octt;3.98227123303957
Pluricellular;Invertebrates;Sphaeriidae;Sphaerium;corneum;9500;ben;Sphaerium corneum;invertebrate;Sphc;3.97772360528885
Pluricellular;Invertebrates;Neritidae;Theodoxus;fluviatilis;9000;ben;Theodoxus fluviatilis;invertebrate;Thdf;3.95424250943932
Pluricellular;Invertebrates;Chaoboridae;Chaoborus;sp.;8500;pel/ben;Chaoborus sp;invertebrate;Chbs;3.92941892571429
Pluricellular;Invertebrates;Chironomidae;Ablabesmyia;sp.;8500;pel/ben;Ablabesmyia sp;invertebrate;Abls;3.92941892571429
Pluricellular;Invertebrates;Chironomidae;Apsectrotanypus;sp.;8500;pel/ben;Apsectrotanypus sp;invertebrate;Apss;3.92941892571429
Pluricellular;Invertebrates;Chironomidae;Procladius;sp.;8500;pel/ben;Procladius sp;invertebrate;Procldssp;3.92941892571429
Pluricellular;Invertebrates;Chironomidae;Chironomus;sp.;8500;pel/ben;Chironomus sp;invertebrate;Chrns;3.92941892571429
Pluricellular;Invertebrates;Chironomidae;Cladopelma;sp.;8500;pel/ben;Cladopelma sp;invertebrate;Cldps;3.92941892571429
Pluricellular;Invertebrates;Chironomidae;Cryptochironomus;sp.;8500;pel/ben;Cryptochironomus sp;invertebrate;Cryptcs;3.92941892571429
Pluricellular;Invertebrates;Chironomidae;Cryptotendipes;sp.;8500;pel/ben;Cryptotendipes sp;invertebrate;Cryptts;3.92941892571429
Pluricellular;Invertebrates;Chironomidae;Demicryptochironomus;sp.;8500;pel/ben;Demicryptochironomus sp;invertebrate;Dmcs;3.92941892571429
Pluricellular;Invertebrates;Chironomidae;Dicrotendipes;sp.;8500;pel/ben;Dicrotendipes sp;invertebrate;Dcrs;3.92941892571429
Pluricellular;Invertebrates;Chironomidae;Harnischia;sp.;8500;pel/ben;Harnischia sp;invertebrate;Hrns;3.92941892571429
Pluricellular;Invertebrates;Chironomidae;Microtendipes;sp.;8500;pel/ben;Microtendipes sp;invertebrate;Mcrts;3.92941892571429
Pluricellular;Invertebrates;Chironomidae;Pagastiella;sp.;8500;pel/ben;Pagastiella sp;invertebrate;Pgss;3.92941892571429
Pluricellular;Invertebrates;Chironomidae;Paracladopelma;sp.;8500;pel/ben;Paracladopelma sp;invertebrate;Prcldps;3.92941892571429
Pluricellular;Invertebrates;Chironomidae;Paratendipes;sp.;8500;pel/ben;Paratendipes sp;invertebrate;Prtnds;3.92941892571429
Pluricellular;Invertebrates;Chironomidae;Polypedilum;sp.;8500;pel/ben;Polypedilum sp;invertebrate;Plys;3.92941892571429
Pluricellular;Invertebrates;Chironomidae;Paralauterborniella;sp.;8500;pel/ben;Paralauterborniella sp;invertebrate;Prls;3.92941892571429
Pluricellular;Invertebrates;Chironomidae;Sergentia;sp.;8500;pel/ben;Sergentia sp;invertebrate;Srgs;3.92941892571429
Pluricellular;Invertebrates;Chironomidae;Stictochironomus;sp.;8500;pel/ben;Stictochironomus sp;invertebrate;Stcs;3.92941892571429
Pluricellular;Invertebrates;Chironomidae;Nilothauma;sp.;8500;pel/ben;Nilothauma sp;invertebrate;Nlts;3.92941892571429
Pluricellular;Invertebrates;Chironomidae;Pseudochironomus;sp.;8500;pel/ben;Pseudochironomus sp;invertebrate;Psdcs;3.92941892571429
Pluricellular;Invertebrates;Empididae;Empididae;sp.;8000;pel/ben;Empididae sp;invertebrate;Emps;3.90308998699194
Pluricellular;Invertebrates;Naididae;Potamothrix;hammoniensis;7900;ben;Potamothrix hammoniensis;invertebrate;Ptmh;3.89762709129044
Pluricellular;Invertebrates;Naididae;Potamothrix;vejdovskyi;7900;ben;Potamothrix vejdovskyi;invertebrate;Ptmv;3.89762709129044
Pluricellular;Invertebrates;Ecnomidae;Ecnomus;sp.;7700;pel/ben;Ecnomus sp;invertebrate;Ecns;3.88649072517248
Pluricellular;Invertebrates;Leptoceridae;Mystacides;sp.;7700;pel/ben;Mystacides sp;invertebrate;Myss;3.88649072517248
Pluricellular;Invertebrates;Sphaeriidae;Musculium;lacustre;7500;ben;Musculium lacustre;invertebrate;Mscll;3.8750612633917
Pluricellular;Invertebrates;Sphaeriidae;Pisidium;amnicum;7500;ben;Pisidium amnicum;invertebrate;Psdma;3.8750612633917
Pluricellular;Invertebrates;Sphaeriidae;Pisidium;casertanum;7500;ben;Pisidium casertanum;invertebrate;Psdmc;3.8750612633917
Pluricellular;Invertebrates;Sphaeriidae;Pisidium;henslowanum;7500;ben;Pisidium henslowanum;invertebrate;Psdmhn;3.8750612633917
Pluricellular;Invertebrates;Sphaeriidae;Pisidium;hibernicum;7500;ben;Pisidium hibernicum;invertebrate;Psdmhb;3.8750612633917
Pluricellular;Invertebrates;Sphaeriidae;Pisidium;milium;7500;ben;Pisidium milium;invertebrate;Psdmml;3.8750612633917
Pluricellular;Invertebrates;Sphaeriidae;Pisidium;moitessierianum;7500;ben;Pisidium moitessierianum;invertebrate;Psdmmt;3.8750612633917
Pluricellular;Invertebrates;Sphaeriidae;Pisidium;nitidum;7500;ben;Pisidium nitidum;invertebrate;Psdn;3.8750612633917
Pluricellular;Invertebrates;Sphaeriidae;Pisidium;subtruncatum;7500;ben;Pisidium subtruncatum;invertebrate;Psdms;3.8750612633917
Pluricellular;Invertebrates;Sphaeriidae;Pisidium;tenuilineatum;7500;ben;Pisidium tenuilineatum;invertebrate;Psdt;3.8750612633917
Pluricellular;Invertebrates;Baetidae;Baetis;sp.;6500;pel/ben;Baetis sp;invertebrate;Btss;3.81291335664286
Pluricellular;Invertebrates;Beraeidae;Beraea;sp.;6400;pel/ben;Beraea sp;invertebrate;Brsp;3.80617997398389
Pluricellular;Invertebrates;Psychomiidae;Tinodes;sp.;6400;pel/ben;Tinodes sp;invertebrate;Tnds;3.80617997398389
Pluricellular;Invertebrates;Chironomidae;Epoicocladius;sp.;6000;pel/ben;Epoicocladius sp;invertebrate;Epcs;3.77815125038364
Pluricellular;Invertebrates;Lymnaeidae;Radix;sp.;6000;ben;Radix sp;invertebrate;Rdxs;3.77815125038364
Pluricellular;Invertebrates;Physidae;Physella;acuta;5850;ben;Physella acuta;invertebrate;Phya;3.76715586608218
Pluricellular;Detritus;coarse particulate;organic ;matter;5500;pel/ben;Coarse particulate organic matter;detritus;Cpom;3.74036268949424
Pluricellular;Invertebrates;Elmidae;Elmis;sp.;5500;ben;Elmis sp;invertebrate;Elms;3.74036268949424
Pluricellular;Invertebrates;Elmidae;Esolus;sp.;5500;ben;Esolus sp;invertebrate;Esls;3.74036268949424
Pluricellular;Invertebrates;Elmidae;Limnius;sp.;5500;ben;Limnius sp;invertebrate;Lmns;3.74036268949424
Pluricellular;Invertebrates;Valvatidae;Valvata;cristata;5500;ben;Valvata cristata;invertebrate;Vlvtc;3.74036268949424
Pluricellular;Invertebrates;Valvatidae;Valvata;piscinalis;5500;ben;Valvata piscinalis;invertebrate;Vlvp;3.74036268949424
Pluricellular;Invertebrates;Viviparidae;Viviparus;viviparus;5500;ben;Viviparus viviparus;invertebrate;Vvpv;3.74036268949424
Pluricellular;Invertebrates;Planorbidae;Gyraulus;albus;5500;ben;Gyraulus albus;invertebrate;Gyra;3.74036268949424
Pluricellular;Invertebrates;Planorbidae;Gyraulus;laevis;5500;ben;Gyraulus laevis;invertebrate;Gyrl;3.74036268949424
Pluricellular;Invertebrates;Lumbriculidae;Lumbriculidae;sp.;5500;ben;Lumbriculidae sp;invertebrate;Lmbs;3.74036268949424
Pluricellular;Invertebrates;Chironomidae;Cladotanytarsus;sp.;5000;pel/ben;Cladotanytarsus sp;invertebrate;Cldts;3.69897000433602
Pluricellular;Invertebrates;Chironomidae;Paratanytarsus;sp.;5000;pel/ben;Paratanytarsus sp;invertebrate;Prtnys;3.69897000433602
Pluricellular;Invertebrates;Chironomidae;Parapsectra;sp.;5000;pel/ben;Parapsectra sp;invertebrate;Prps;3.69897000433602
Pluricellular;Invertebrates;Chironomidae;Tanytarsus;sp.;5000;pel/ben;Tanytarsus sp;invertebrate;Tnys;3.69897000433602
Pluricellular;Invertebrates;Chironomidae;Microspectra;sp.;5000;pel/ben;Microspectra sp;invertebrate;Mcrss;3.69897000433602
Pluricellular;Invertebrates;Chironomidae;Corynoneura;sp.;5000;pel/ben;Corynoneura sp;invertebrate;Cryns;3.69897000433602
Pluricellular;Invertebrates;Chironomidae;Cricotopus;sp.;5000;pel/ben;Cricotopus sp;invertebrate;Crcs;3.69897000433602
Pluricellular;Invertebrates;Chironomidae;Orthocladius;sp.;5000;pel/ben;Orthocladius sp;invertebrate;Orthcs;3.69897000433602
Pluricellular;Invertebrates;Chironomidae;Paracladius;sp.;5000;pel/ben;Paracladius sp;invertebrate;Parcldssp;3.69897000433602
Pluricellular;Invertebrates;Chironomidae;Psectrocladius;sp.;5000;pel/ben;Psectrocladius sp;invertebrate;Pscs;3.69897000433602
Pluricellular;Invertebrates;Bithyniidae;Bithynia;tentaculata;5000;ben;Bithynia tentaculata;invertebrate;Btht;3.69897000433602
Pluricellular;Invertebrates;Caenidae;Caenis;sp.;4500;pel/ben;Caenis sp;invertebrate;Cnss;3.65321251377534
Pluricellular;Invertebrates;Hydroptilidae;Oxyethira;sp.;3850;pel/ben;Oxyethira sp;invertebrate;Oxys;3.5854607295085
Pluricellular;Invertebrates;Elmidae;Stenelmis;sp.;3750;ben;Stenelmis sp;invertebrate;Stns;3.57403126772772
Pluricellular;Invertebrates;Tateidae;Potamopyrgus;antipodarum;3750;ben;Potamopyrgus antipodarum;invertebrate;Ptma;3.57403126772772
Pluricellular;Invertebrates;Chironomidae;Smittia;sp.;3475;pel/ben;Smittia sp;invertebrate;Smts;3.54095480892613
Pluricellular;Invertebrates;Bithyniidae;Bythinella;sp.;3000;ben;Bythinella sp;invertebrate;Byts;3.47712125471966
Pluricellular;Invertebrates;Ceratopogonidae;Ceratopogoninae;sp.;1900;ben;Ceratopogoninae sp;invertebrate;Crts;3.27875360095283
Pluricellular;Zooplankton;Daphniidae;Daphnia;longispina;1820;pel;Daphnia longispina;invertebrate;Dphl;
Pluricellular;Invertebrates;Corixidae;Micronecta;sp.;1625;ben;Micronecta sp;invertebrate;Mcrns;3.21085336531489
Pluricellular;Zooplankton;Cyclopidae;Megacyclops;viridis;1150;pel;Megacyclops viridis;invertebrate;Mgcv;3.06069784035361
Pluricellular;Zooplankton;Cyclopidae;Acanthocyclops;robustus;1100;pel;Acanthocyclops robustus;invertebrate;Acnr;3.04139268515822
Pluricellular;Zooplankton;Cyclopidae;Mesocyclops;leuckartii;1100;pel;Mesocyclops leuckartii;invertebrate;Mscyl;3.04139268515822
Pluricellular;Zooplankton;Cyclopidae;Cyclops;prealpinus;950;pel;Cyclops prealpinus;invertebrate;Cyclpp;2.97772360528885
Pluricellular;Zooplankton;Cyclopidae;Cyclops;vicinus;950;pel;Cyclops vicinus;invertebrate;Cycv;2.97772360528885
Pluricellular;Zooplankton;Cyclopidae;Thermocyclops;crassus;900;pel;Thermocyclops crassus;invertebrate;Thrc;2.95424250943932
Pluricellular;Zooplankton;Sididae;Diaphanosoma;brachyurum;895;pel;Diaphanosoma brachyurum;invertebrate;Dphb;2.95182303531591
Pluricellular;MicroZooplankton;Asplanchnidae;Asplanchna;priodonta;850;pel;Asplanchna priodonta;invertebrate;Aspp;2.92941892571429
Pluricellular;MicroZooplankton;Brachionidae;Kellicottia;longispina;725;pel;Kellicottia longispina;invertebrate;Klll;2.86033800657099
Pluricellular;Invertebrates;Hydrachnidia;fam.;sp.;578;ben;Hydrachnidia sp;invertebrate;Hyds;2.76192783842053
Pluricellular;Zooplankton;Bosminidae;Bosmina;longirostris;500;pel;Bosmina longirostris;invertebrate;Bsml;2.69897000433602
Pluricellular;Zooplankton;Diaptomidae;Eudiaptomus;gracilis;485;pel;Eudiaptomus gracilis;invertebrate;Edpg;2.68574173860226
Pluricellular;Zooplankton;Chydoridae;Chydorus;sphaericus;420;ben;Chydorus sphaericus;invertebrate;Chys;2.6232492903979
Pluricellular;Zooplankton;Bosminidae;Eubosmina;longispina;420;pel;Eubosmina longispina;invertebrate;Ebsl;2.6232492903979
Pluricellular;Zooplankton;Bosminidae;Eubosmina;coregoni;420;pel;Eubosmina coregoni;invertebrate;Ebsc;2.6232492903979
Unicellular;Ciliates;Dileptidae;Dileptus;sp.;375;pel;Dileptus sp;invertebrate;Dlps;2.57403126772772
Unicellular;Phytoplankton;Volvocaceae;Volvox;carteri;326;pel;Volvox carteri;phytoplankton;Vlvxc;2.51321760006794
Unicellular;Ciliates;Condylostomatidea;Condylostoma;minutum;300;pel;Condylostoma minutum;invertebrate;Cndm;2.47712125471966
Unicellular;Ciliates;Rigidotrichidae;Rigidothrix;sp.;285;pel;Rigidothrix sp;invertebrate;Rgds;2.45484486000851
Unicellular;Phytoplankton;Fragilariaceae;Ulnaria;ulna;275;pel/ben;Ulnaria ulna;phytoplankton;Ulnu;2.43933269383026
Unicellular;Phytoplankton;Euglenaceae;Euglena;longa;260;pel;Euglena longa;phytoplankton;Egll;2.41497334797082
Unicellular;Phytoplankton;Ceratiaceae;Ceratium;hirundinella;240;pel;Ceratium hirundinella;phytoplankton;Crth;2.38021124171161
Unicellular;Ciliates;Spathidiidae;Teuthophrys;trisulca;225;pel;Teuthophrys trisulca;invertebrate;Ttht;2.35218251811136
Pluricellular;MicroZooplankton;Concochilidae;Conochilus;unicornis;225;pel;Conochilus unicornis;invertebrate;Cncu;2.35218251811136
Pluricellular;MicroZooplankton;Brachionidae;Notholca;caudata;217.5;pel;Notholca caudata;invertebrate;Nthc;2.33745926129066
Unicellular;Ciliates;Oxytrichidae;Oxytricha;granulifera;150;pel;Oxytricha granulifera;invertebrate;Oxyg;2.17609125905568
Unicellular;Ciliates;Oxytrichidae;Oxytricha;longa;150;pel;Oxytricha longa;invertebrate;Oxyl;2.17609125905568
Unicellular;Phytoplankton;Fragilariaceae;Fragilaria;ulna;150;pel;Fragilaria ulna;phytoplankton;Frgu;2.17609125905568
Unicellular;Ciliates;Phacodiniidae;Phacodinium;metchnikoffi;145;pel;Phacodinium metchnikoffi;invertebrate;Phcm;2.16136800223497
Unicellular;Ciliates;Colepidae;Coleps;sp.;135;pel;Coleps sp;invertebrate;Clpss;2.13033376849501
Unicellular;Ciliates;Rigidotrichidae;Uroleptus;willii;125;pel;Uroleptus willii;invertebrate;Urlw;2.09691001300806
Unicellular;Phytobenthos;Naviculaceae;Gyrosigma;sciotense;122.5;ben;Gyrosigma sciotense;phytoplankton;Gyrs;2.08813608870055
Unicellular;Phytobenthos;Ulnariaceae;Ulnaria;acus;121;ben;Ulnaria acus;phytoplankton;Ulna;2.08278537031645
Unicellular;Ciliates;Oxytrichidae;Gastrostyla;steinii;117.5;pel;Gastrostyla steinii;invertebrate;Gsts;2.07003786660776
Unicellular;Phytobenthos;Rhopalodiaceae;Rhopalodia;parallela;108.5;ben;Rhopalodia parallela;phytoplankton;Rhpp;2.03542973818455
Unicellular;Phytoplankton;Fragilariaceae;Fragilaria;crotonensis;105;pel;Fragilaria crotonensis;phytoplankton;Frglrcr;2.02118929906994
Unicellular;Phytoplankton;Fragilariaceae;Fragilaria;capucina;105;pel;Fragilaria capucina;phytoplankton;Frglrcp;2.02118929906994
Unicellular;Phytoplankton;Dinobryaceae;Dinobryon;bavaricum;105;pel;Dinobryon bavaricum;phytoplankton;Dnbb;2.02118929906994
Unicellular;Phytoplankton;Dinobryaceae;Dinobryon;sertularia;105;pel;Dinobryon sertularia;phytoplankton;Dnbrynsr;2.02118929906994
Unicellular;Phytoplankton;Dinobryaceae;Dinobryon;divergens;105;pel;Dinobryon divergens;phytoplankton;Dnbd;2.02118929906994
Unicellular;Phytoplankton;Dinobryaceae;Dinobryon;elegantissimum;105;pel;Dinobryon elegantissimum;phytoplankton;Dnbe;2.02118929906994
Unicellular;Phytoplankton;Dinobryaceae;Dinobryon;sociale;105;pel;Dinobryon sociale;phytoplankton;Dnbrynsc;2.02118929906994
Unicellular;Cyanobacteria;Pseudanabaenaceae;Pseudanabaena;limnetica;102.5;pel;Pseudanabaena limnetica;cyanobacteria;Psdl;2.01072386539177
Unicellular;Cyanobacteria;Pseudanabaenaceae;Pseudanabaena;acicularis;102.5;pel;Pseudanabaena acicularis;cyanobacteria;Psdna;2.01072386539177
Unicellular;Cyanobacteria;Nostocaceae;Anabaena;sp.;102;pel;Anabaena sp;cyanobacteria;Anbs;2.00860017176192
Unicellular;Phytobenthos;Bacillariaceae;Nitzschia;recta;95;ben;Nitzschia recta;phytoplankton;Ntzr;1.97772360528885
Unicellular;Phytoplankton;Selenastraceae;Monoraphidium;circinale;92;pel;Monoraphidium circinale;phytoplankton;Mnrphdmcr;1.96378782734556
Unicellular;Phytoplankton;Selenastraceae;Monoraphidium;komarkovae;92;pel;Monoraphidium komarkovae;phytoplankton;Mnrk;1.96378782734556
Unicellular;Phytoplankton;Selenastraceae;Monoraphidium;nanum;92;pel;Monoraphidium nanum;phytoplankton;Mnrn;1.96378782734556
Unicellular;Phytoplankton;Selenastraceae;Monoraphidium;convolutum;92;pel;Monoraphidium convolutum;phytoplankton;Mnrphdmcn;1.96378782734556
Unicellular;Phytoplankton;Selenastraceae;Monoraphidium;minutum;92;pel;Monoraphidium minutum;phytoplankton;Mnrm;1.96378782734556
Unicellular;Phytobenthos;Rhopalodiaceae;Epithemia;adnata;90;ben;Epithemia adnata;phytoplankton;Epta;1.95424250943932
Unicellular;Phytobenthos;Bacillariaceae;Nitzschia;brunoi;89.5;ben;Nitzschia brunoi;phytoplankton;Ntzb;1.95182303531591
Unicellular;Phytobenthos;Amphipleuraceae;Amphipleura;pellucida;86.5;ben;Amphipleura pellucida;phytoplankton;Amphpp;1.93701610746481
Unicellular;Phytobenthos;Entomoneidaceae;Entomoneis;sp.;79;ben;Entomoneis sp;phytoplankton;Ents;1.89762709129044
Unicellular;Phytobenthos;Naviculaceae;Navicula;radiosa;78.5;ben;Navicula radiosa;phytoplankton;Navclrds;1.89486965674525
Unicellular;Ciliates;Holophryidae;Holophyra;sp.;77;pel;Holophrya sp;invertebrate;Hlps;1.88649072517248
Unicellular;Phytobenthos;Tabellariaceae;Diatoma;ehrenbergii;75;ben;Diatoma ehrenbergii;phytoplankton;Dtme;1.8750612633917
Unicellular;Ciliates;Codonellidae;Tintinnopsis;tubulosoides;74;pel;Tintinnopsis tubulosoides;invertebrate;Tntt;1.86923171973098
Unicellular;Phytoplankton;Codonosigaceae;Desmarella;brachycalyx;73.5;pel;Desmarella brachycalyx;phytoplankton;Dsmb;1.86628733908419
Unicellular;Ciliates;Vorticellidae;Vorticella;sp.;72.5;pel;Vorticella sp;invertebrate;Vrts;1.86033800657099
Unicellular;Phytobenthos;Rhaphoneidaceae;Rhaphoneis;amphiceros;72.5;ben;Rhaphoneis amphiceros;phytoplankton;Rhpa;1.86033800657099
Unicellular;Phytobenthos;Bacillariaceae;Nitzschia;gracilis;70;ben;Nitzschia gracilis;phytoplankton;Ntzg;1.84509804001426
Unicellular;Phytoplankton;Fragilariaceae;Asterionella;formosa;70;pel;Asterionella formosa;phytoplankton;Astf;1.84509804001426
Unicellular;Phytobenthos;Brachysiraceae;Brachysira;neoexilis;67;ben;Brachysira neoexilis;phytoplankton;Brcn;1.82607480270083
Unicellular;Ciliates;Colpodidae;Colpoda;sp.;66;pel;Colpoda sp;invertebrate;Clpds;1.81954393554187
Unicellular;Phytobenthos;Gomphonemataceae;Encyonema;prostratum;65;ben;Encyonema prostratum;phytoplankton;Encp;1.81291335664286
Unicellular;Phytobenthos;Bacillariaceae;Nitzschia;angustata;62.5;ben;Nitzschia angustata;phytoplankton;Ntzschan;1.79588001734408
Unicellular;Phytobenthos;Fragilariaceae;Fragilaria;tenera;62.5;ben;Fragilaria tenera;phytoplankton;Frgt;1.79588001734408
Unicellular;Phytobenthos;Cymbellaceae;Cymbella;lange-bertalotii;61;ben;Cymbella lange-bertalotii;phytoplankton;Cln-;1.78532983501077
Unicellular;Phytobenthos;Bacillariaceae;Nitzschia;alpinobacillum;59;ben;Nitzschia alpinobacillum;phytoplankton;Ntzschal;1.77085201164214
Unicellular;Phytobenthos;Bacillariaceae;Nitzschia;intermedia;59;ben;Nitzschia intermedia;phytoplankton;Ntzi;1.77085201164214
Unicellular;Phytobenthos;Naviculaceae;Navicula;rotunda;55.5;ben;Navicula rotunda;phytoplankton;Nvclrt;1.74429298312268
Unicellular;Phytobenthos;Naviculaceae;Navicula;gottlandica;55.5;ben;Navicula gottlandica;phytoplankton;Nvclgt;1.74429298312268
Unicellular;Phytobenthos;Naviculaceae;Navicula;associata;55.5;ben;Navicula associata;phytoplankton;Nvclas;1.74429298312268
Unicellular;Phytobenthos;Naviculaceae;Navicula;praeterita;55.5;ben;Navicula praeterita;phytoplankton;Nvcp;1.74429298312268
Unicellular;Phytobenthos;Bacillariaceae;Nitzschia;denticula;55;ben;Nitzschia denticula;phytoplankton;Ntzschdn;1.74036268949424
Unicellular;Ciliates;Glaucomidae;Glaucoma;chattoni;52.5;pel;Glaucoma chattoni;invertebrate;Glcc;1.72015930340596
Unicellular;Cyanobacteria;Nostocaceae;Aphanizomenon;flos-aquae;52.5;pel;Aphanizomenon flos-aquae;cyanobacteria;Afl-;1.72015930340596
Unicellular;Phytobenthos;Bacillariaceae;Nitzschia;capitellata;52.5;ben;Nitzschia capitellata;phytoplankton;Ntzc;1.72015930340596
Unicellular;Phytoplankton;Gloetilaceae;Gloeotila;spiralis;52.5;pel;Gloeotila spiralis;phytoplankton;Glts;1.72015930340596
Unicellular;Phytoplankton;Dictyosphaeriaceae;Westella;botryoides;52.5;pel;Westella botryoides;phytoplankton;Wstb;1.72015930340596
Unicellular;Cyanobacteria;Cyanothecaceae;Cyanothece;sp.;51.5;pel;Cyanothece sp;cyanobacteria;Cyns;1.71180722904119
Unicellular;Phytoplankton;Hydrodictyaceae;Monactinus;simplex;50.5;pel;Monactinus simplex;phytoplankton;Mncs;1.70329137811866
Unicellular;Phytobenthos;Bacillariaceae;Nitzschia;supralitorea;50;ben;Nitzschia supralitorea;phytoplankton;Ntzschsp;1.69897000433602
Unicellular;Phytoplankton;Stylococcaceae;Bitrichia;chodatii;50;pel;Bitrichia chodatii;phytoplankton;Btrc;1.69897000433602
Unicellular;Phytoplankton;Peridiniaceae;Peridinium;volzii;50;pel;Peridinium volzii;phytoplankton;Prdv;1.69897000433602
Unicellular;Phytoplankton;Peridiniaceae;Peridinium;willei;50;pel;Peridinium willei;phytoplankton;Prdw;1.69897000433602
Unicellular;Phytoplankton;Stephanodiscaceae;Stephanodiscus;alpinus;49.5;pel;Stephanodiscus alpinus;phytoplankton;Stpa;1.69460519893357
Unicellular;Phytoplankton;Stephanodiscaceae;Stephanodiscus;minutulus;49.5;pel;Stephanodiscus minutulus;phytoplankton;Stpm;1.69460519893357
Unicellular;Phytoplankton;Stephanodiscaceae;Stephanodiscus;neoastraea;49.5;pel;Stephanodiscus neoastraea;phytoplankton;Stpn;1.69460519893357
Unicellular;Phytoplankton;Gymnodiniaceae;Gymnodinium;helveticum;49.5;pel;Gymnodinium helveticum;phytoplankton;Gymh;1.69460519893357
Unicellular;Phytoplankton;Gymnodiniaceae;Gymnodinium;lantzschii;49.5;pel;Gymnodinium lantzschii;phytoplankton;Gyml;1.69460519893357
Unicellular;Phytoplankton;Gymnodiniaceae;Gymnodinium;sp1;49.5;pel;Gymnodinium sp1;phytoplankton;Gsp1;1.69460519893357
Unicellular;Phytoplankton;Characiaceae;Ankyra;judayi;49;pel;Ankyra judayi;phytoplankton;Ankj;1.69019608002851
Unicellular;Phytoplankton;Characiaceae;Ankyra;inerme;49;pel;Ankyra inerme;phytoplankton;Anki;1.69019608002851
Unicellular;Phytoplankton;Characiaceae;Ankyra;lanceolata;49;pel;Ankyra lanceolata;phytoplankton;Ankl;1.69019608002851
Unicellular;Phytobenthos;Gomphonemataceae;Gomphonema;acuminatum;48;ben;Gomphonema acuminatum;phytoplankton;Gmphna;1.68124123737559
Unicellular;Phytoplankton;Gymnodiniaceae;Amphidinium;herdmanii;47.5;pel;Amphidinium herdmanii;phytoplankton;Amph;1.67669360962487
Unicellular;Phytobenthos;Naviculaceae;Navicula;tripunctata;46;ben;Navicula tripunctata;phytoplankton;Nvct;1.66275783168157
Unicellular;Phytoplankton;Stephanodiscaceae;Puncticulata;bodanica;46;pel;Puncticulata bodanica;phytoplankton;Pncb;1.66275783168157
Unicellular;Phytobenthos;Rhopalodiaceae;Epithemia;sorex;45;ben;Epithemia sorex;phytoplankton;Epts;1.65321251377534
Unicellular;Phytobenthos;Gomphonemataceae;Gomphonema;capitatum;44.5;ben;Gomphonema capitatum;phytoplankton;Gmpc;1.64836001098093
Unicellular;Phytoplankton;Treubariaceae;Treubaria;triappendiculata;44.5;pel;Treubaria triappendiculata;phytoplankton;Trbt;1.64836001098093
Unicellular;Phytobenthos;Gomphonemataceae;Gomphonema;truncatum;44;ben;Gomphonema truncatum;phytoplankton;Gmphnmtrn;1.64345267648619
Unicellular;Ciliates;Strombidiidae;Strombidium;sp.;43;pel;Strombidium sp;invertebrate;Strms;1.63346845557959
Unicellular;Phytobenthos;Gomphonemataceae;Gomphonema;bavaricum;42.5;ben;Gomphonema bavaricum;phytoplankton;Gmpb;1.62838893005031
Unicellular;Phytobenthos;Gomphonemataceae;Gomphonema;elegans;42.5;ben;Gomphonema elegans;phytoplankton;Gmpe;1.62838893005031
Unicellular;Phytobenthos;Diploneidaceae;Diploneis;krammeri;42;ben;Diploneis krammeri;phytoplankton;Dplk;1.6232492903979
Unicellular;Phytobenthos;Bacillariaceae;Nitzschia;dissipata;41.5;ben;Nitzschia dissipata;phytoplankton;Ntzschds;1.61804809671209
Unicellular;Ciliates;Tetrahymenidae;Tetrahymena;sp.;40;pel;Tetrahymena sp;invertebrate;Ttrs;1.60205999132796
Unicellular;Phytobenthos;Naviculaceae;Navicula;radiosafallax;40;ben;Navicula radiosafallax;phytoplankton;Nvclrdsf;1.60205999132796
Unicellular;Phytobenthos;Berekeleyaceae;Parlibellus;protracta;38.5;ben;Parlibellus protracta;phytoplankton;Prlp;1.5854607295085
Unicellular;Phytobenthos;Gomphonemataceae;Encyonema;caespitosum;38;ben;Encyonema caespitosum;phytoplankton;Encc;1.57978359661681
Unicellular;Ciliates;Cyclidiidae;Clyclidium;sp.;37.5;pel;Clyclidium sp;invertebrate;Clys;1.57403126772772
Unicellular;Phytoplankton;Peridiniaceae;Peridinium;aciculiferum;37.5;pel;Peridinium aciculiferum;phytoplankton;Prda;1.57403126772772
Unicellular;Phytobenthos;Catenulaceae;Amphora;copulata;37;ben;Amphora copulata;phytoplankton;Ampc;1.56820172406699
Unicellular;Phytobenthos;Fragilariaceae;Fragilaria;radians;36.5;ben;Fragilaria radians;phytoplankton;Frgr;1.56229286445647
Unicellular;Phytobenthos;Bacillariaceae;Nitzschia;sociabilis;36;ben;Nitzschia sociabilis;phytoplankton;Ntzschsc;1.55630250076729
Unicellular;Phytobenthos;Cymbellaceae;Cymbella;neoleptoceros;36;ben;Cymbella neoleptoceros;phytoplankton;Cymn;1.55630250076729
Unicellular;Phytobenthos;Surirellaceae;Surirella;brebissonii;36;ben;Surirella brebissonii;phytoplankton;Srrb;1.55630250076729
Unicellular;Phytoplankton;Gonyaulacaceae;Gonyaulax;fragilis;36;pel;Gonyaulax fragilis;phytoplankton;Gnyf;1.55630250076729
Unicellular;Ciliates;Mesodiniidae;Mesodinium;sp.;35.5;pel;Mesodinium sp;invertebrate;Msds;1.55022835305509
Unicellular;Phytobenthos;Fragilariaceae;Fragilaria;gracilis;35;ben;Fragilaria gracilis;phytoplankton;Frgg;1.54406804435028
Unicellular;Phytobenthos;Gomphonemataceae;Gomphonema;tergestinum;33.5;ben;Gomphonema tergestinum;phytoplankton;Gmphnmtrg;1.52504480703685
Unicellular;Phytobenthos;Naviculaceae;Navicula;capitatoradiata;33.5;ben;Navicula capitatoradiata;phytoplankton;Nvclcp;1.52504480703685
Unicellular;Phytobenthos;Bacillariaceae;Denticula;tenuis;33;ben;Denticula tenuis;phytoplankton;Dntt;1.51851393987789
Unicellular;Phytobenthos;Cocconeidaceae;Cocconeis;pediculus;33;ben;Cocconeis pediculus;phytoplankton;Cccnspd;1.51851393987789
Unicellular;Phytoplankton;Mallomonadaceae;Mallomonas;sp1;33;pel;Mallomonas sp1;phytoplankton;Msp1;1.51851393987789
Unicellular;Phytoplankton;Mallomonadaceae;Mallomonas;elongata;33;pel;Mallomonas elongata;phytoplankton;Mlle;1.51851393987789
Unicellular;Phytobenthos;Bacillariaceae;Nitzschia;fonticola;32.5;ben;Nitzschia fonticola;phytoplankton;Ntzf;1.51188336097887
Unicellular;Phytobenthos;Gomphonemataceae;Encyonema;vulgare;32.5;ben;Encyonema vulgare;phytoplankton;Encynmvl;1.51188336097887
Unicellular;Phytoplankton;Dinobryaceae;Epipyxis;pulchra;31.5;pel;Epipyxis pulchra;phytoplankton;Eppyxsplc;1.4983105537896
Unicellular;Phytobenthos;Cymbellaceae;Cymbella;excisa;31;ben;Cymbella excisa;phytoplankton;Cyme;1.49136169383427
Unicellular;Phytoplankton;Oocystaceae;Oocystis;lacustris;31;pel;Oocystis lacustris;phytoplankton;Ocyl;1.49136169383427
Unicellular;Phytoplankton;Oocystaceae;Oocystis;parva;31;pel;Oocystis parva;phytoplankton;Ocyp;1.49136169383427
Unicellular;Phytobenthos;Gomphonemataceae;Encyonema;silesiacum;30.5;ben;Encyonema silesiacum;phytoplankton;Encynms;1.48429983934679
Unicellular;Phytoplankton;Fragilariaceae;Diatoma;tenuis;30;pel;Diatoma tenuis;phytoplankton;Dtmt;1.47712125471966
Pluricellular;Phytoplankton;Dinosphaeraceae;Dinosphaera;palustris;30;pel;Dinosphaera palustris;phytoplankton;Dnsp;1.47712125471966
Unicellular;Phytoplankton;Sphaeropleaceae;Sphaeroplea;soleirolii;30;pel;Sphaeroplea soleirolii;phytoplankton;Sphrps;1.47712125471966
Unicellular;Phytoplankton;Pyrenomonadaceae;Rhodomonas;minuta;30;pel;Rhodomonas minuta;phytoplankton;Rhdm;1.47712125471966
Unicellular;Phytoplankton;Cryptomonadaceae;Cryptomonas;marsonii;30;pel;Cryptomonas marsonii;phytoplankton;Crym;1.47712125471966
Unicellular;Phytoplankton;Cryptomonadaceae;Cryptomonas;rostratiformis;30;pel;Cryptomonas rostratiformis;phytoplankton;Cryr;1.47712125471966
Unicellular;Phytoplankton;Cryptomonadaceae;Cryptomonas;sp1;30;pel;Cryptomonas sp1;phytoplankton;Csp1;1.47712125471966
Unicellular;Phytoplankton;Peridiniaceae;Peridiniopsis;cunningtonii;30;pel;Peridiopsis cunningtonii;phytoplankton;Prdc;1.47712125471966
Unicellular;Phytobenthos;Naviculaceae;Navicula;subalpina;29;ben;Navicula subalpina;phytoplankton;Nvcs;1.46239799789896
Unicellular;Phytobenthos;Naviculaceae;Naviculadicta;raederiae;29;ben;Naviculadicta raederiae;phytoplankton;Nvcldr;1.46239799789896
Unicellular;Phytobenthos;Naviculaceae;Naviculadicta;vitabunda;29;ben;Naviculadicta vitabunda;phytoplankton;Nvcv;1.46239799789896
Unicellular;Phytoplankton;Cryptomonadaceae;Cryptomonas;sp.;29;pel;Cryptomonas sp;phytoplankton;Cryptms;1.46239799789896
Unicellular;Phytobenthos;Fragilariaceae;Fragilaria;mesolepta;28.5;ben;Fragilaria mesolepta;phytoplankton;Frgm;1.45484486000851
Unicellular;Phytobenthos;Gomphonemataceae;Gomphonema;parvulum;28;ben;Gomphonema parvulum;phytoplankton;Gmpp;1.44715803134222
Unicellular;Phytoplankton;Chaetophoracea;Uronema;sp.;28;pel;Uronema sp;phytoplankton;Urns;1.44715803134222
Unicellular;Ciliates;Lohmanniellidae;Lohmanniella;sp.;27.5;pel;Lohmanniella sp;invertebrate;Lhms;1.43933269383026
Unicellular;Phytobenthos;Naviculaceae;Navicula;cryptocephala;27.5;ben;Navicula cryptocephala;phytoplankton;Nvclcryptc;1.43933269383026
Unicellular;Phytobenthos;Sellaphoraceae;Sellaphora;pupula;27.5;ben;Sellaphora pupula;phytoplankton;Sllp;1.43933269383026
Unicellular;Amoeba;Vahlkampfiidae;Vahlkampfia;inornata;27;pel;Vahlkampfia inornata;invertebrate;Vhli;1.43136376415899
Unicellular;Phytobenthos;Bacillariaceae;Nitzschia;palea;27;ben;Nitzschia palea;phytoplankton;Ntzp;1.43136376415899
Unicellular;Phytobenthos;Naviculaceae;Navicula;cryptotenella;27;ben;Navicula cryptotenella;phytoplankton;Navclcrypttnll;1.43136376415899
Unicellular;Phytobenthos;Gomphonemataceae;Gomphonema;olivaceum;26.5;ben;Gomphonema olivaceum;phytoplankton;Gmpo;1.42324587393681
Unicellular;Phytobenthos;Cymbellaceae;Cymbopleura;amphicephala;26;ben;Cymbopleura amphicephala;phytoplankton;Cyma;1.41497334797082
Unicellular;Phytobenthos;Achnanthidiaceae;Lemnicola;hungarica;25.5;ben;Lemnicola hungarica;phytoplankton;Lmnch;1.40654018043396
Unicellular;Phytobenthos;Bacillariaceae;Nitzschia;amphibia;25.5;ben;Nitzschia amphibia;phytoplankton;Ntzscham;1.40654018043396
Unicellular;Phytobenthos;Naviculaceae;Navicula;gregaria;25.5;ben;Navicula gregaria;phytoplankton;Nvclgr;1.40654018043396
Unicellular;Amoeba;Acanthamoebidae;Acanthamoeba;castellanii;25;pel;Acanthamoeba castellanii;invertebrate;Acnc;1.39794000867204
Unicellular;Amoeba;Acanthamoebidae;Acanthamoeba;griffini;25;pel;Acanthamoeba griffini;invertebrate;Acng;1.39794000867204
Unicellular;Ciliates;Halteriidae;Halteria;grandinella;25;pel;Halteria grandinella;invertebrate;Hltg;1.39794000867204
Unicellular;Phytoplankton;Dictyosphaeriaceae;Dimorphococcus;cordatus;25;pel;Dimorphococcus cordatus;phytoplankton;Dmrc;1.39794000867204
Unicellular;Phytoplankton;Desmidiaceae;Cosmarium;depressum;25;pel;Cosmarium depressum;phytoplankton;Csmd;1.39794000867204
Unicellular;Phytobenthos;Cocconeidaceae;Cocconeis;pseudolineata;24;ben;Cocconeis pseudolineata;phytoplankton;Cccnsps;1.38021124171161
Unicellular;Phytobenthos;Stephanodiscaceae;Cyclotella;meneghiniana;24;ben;Cyclotella meneghiniana;phytoplankton;Cycm;1.38021124171161
Unicellular;Ciliates;Strobilidiidae;Strobilidium;sp.;23.5;pel;Strobilidium sp;invertebrate;Strbs;1.37106786227174
Unicellular;Phytobenthos;Cavinulaceae;Cavinula;scutelloides;23.5;ben;Cavinula scutelloides;phytoplankton;Cvns;1.37106786227174
Unicellular;Phytobenthos;Fragilariaceae;Fragilaria;perminuta;23.5;ben;Fragilaria perminuta;phytoplankton;Frgp;1.37106786227174
Unicellular;Phytobenthos;Gomphonemataceae;Geissleria;decussis;23;ben;Geissleria decussis;phytoplankton;Gssd;1.36172783601759
Unicellular;Phytobenthos;Cocconeidaceae;Cocconeis;euglypta;22.7;ben;Cocconeis euglypta;phytoplankton;Ccce;1.35602585719312
Unicellular;Ciliates;Urotrichidae;Urotrichia;sp.;22.5;pel;Urotrichia sp;invertebrate;Urts;1.35218251811136
Unicellular;Phytobenthos;Stephanodiscaceae;Cyclotella;radiosa;22.5;pel;Cyclotella radiosa;phytoplankton;Cycr;1.35218251811136
Unicellular;Phytobenthos;Stephanodiscaceae;Cyclotella;ocellata;22.5;pel;Cyclotella ocellata;phytoplankton;Cyco;1.35218251811136
Unicellular;Phytobenthos;Stephanodiscaceae;Cyclotella;polymorpha;22.5;pel;Cyclotella polymorpha;phytoplankton;Cycltllpl;1.35218251811136
Unicellular;Phytobenthos;Stephanodiscaceae;Cyclotella;pseudostelligera;22.5;pel;Cyclotella pseudostelligera;phytoplankton;Cycltllps;1.35218251811136
Unicellular;Phytoplankton;Scenedesmaceae;Actinastrum;hantzschii;22;pel;Actinastrum hantzschii;phytoplankton;Acth;1.34242268082221
Unicellular;Phytobenthos;Bacillariaceae;Nitzschia;tabellaria;21;ben;Nitzschia tabellaria;phytoplankton;Ntzt;1.32221929473392
Unicellular;Cyanobacteria;Chroococcaceae;Chroococcus;sp.;20.2;pel;Chroococcus sp;cyanobacteria;Chrcccss;1.30535136944662
Unicellular;Phytobenthos;Bacillariaceae;Nitzschia;solgensis;20;ben;Nitzschia solgensis;phytoplankton;Ntzschsl;1.30102999566398
Unicellular;Phytobenthos;Sellaphoraceae;Fallacia;lenzi;20;ben;Fallacia lenzi;phytoplankton;Flll;1.30102999566398
Unicellular;Phytobenthos;Sellaphoraceae;Fallacia;subhamulata;20;ben;Fallacia subhamulata;phytoplankton;Flls;1.30102999566398
Unicellular;Phytoplankton;Oocystaceae;Lagerheimia;genevensis;20;pel;Lagerheimia genevensis;phytoplankton;Lgrg;1.30102999566398
Unicellular;Phytoplankton;Dictyosphaeriaceae;Dictyosphaerium;pulchellum;19.25;pel;Dictyosphaerium pulchellum;phytoplankton;Dctp;1.28443073384452
Unicellular;Phytobenthos;Achnanthidiaceae;Karayevia;clevei;19;ben;Karayevia clevei;phytoplankton;Kryc;1.27875360095283
Unicellular;Phytobenthos;Aulacoseiraceae;Aulacoseira;baicalensis;19;ben;Aulacoseira baicalensis;phytoplankton;Alcb;1.27875360095283
Unicellular;Phytoplankton;Elakatotrichaceae;Elakatothrix;gelatinosa;19;pel;Elakatothrix gelatinosa;phytoplankton;Elkg;1.27875360095283
Unicellular;Phytobenthos;Achnanthidiaceae;Achnanthidium;jackii;18.5;ben;Achnanthidium jackii;phytoplankton;Achj;1.26717172840301
Unicellular;Phytobenthos;Anemoeoneidaceae;Adlafia;bryophila;18.5;ben;Adlafia bryophila;phytoplankton;Adlb;1.26717172840301
Unicellular;Phytobenthos;Naviculaceae;Caloneis;alpestris;18.5;ben;Caloneis alpestris;phytoplankton;Clna;1.26717172840301
Unicellular;Phytobenthos;Naviculaceae;Caloneis;lancettula;18.5;ben;Caloneis lancettula;phytoplankton;Clnl;1.26717172840301
Unicellular;Phytobenthos;Fragilariaceae;Pseudostaurosira;brevistriata;18;ben;Pseudostaurosira brevistriata;phytoplankton;Psdb;1.25527250510331
Unicellular;Phytobenthos;Achnanthidiaceae;Rossithidium;petersenii;17.5;ben;Rossithidium petersenii;phytoplankton;Rssp;1.24303804868629
Unicellular;Phytobenthos;Gomphonemataceae;Geissleria;schoenfeldii;17.5;ben;Geissleria schoenfeldii;phytoplankton;Gsss;1.24303804868629
Unicellular;Phytoplankton;Chlamydomonadaceae;Chlamydomonas;conica;17.5;pel;Chlamydomonas conica;phytoplankton;Chlc;1.24303804868629
Unicellular;Phytoplankton;Chlamydomonadaceae;Chlamydomonas;globosa;17.5;pel;Chlamydomonas globosa;phytoplankton;Chlg;1.24303804868629
Unicellular;Phytoplankton;Chlamydomonadaceae;Chlamydomonas;acidophila;17.5;pel;Chlamydomonas acidophila;phytoplankton;Chla;1.24303804868629
Unicellular;Phytoplankton;Chlamydomonadaceae;Chlamydomonas;hedleyi;17.5;pel;Chlamydomonas hedleyi;phytoplankton;Chlh;1.24303804868629
Unicellular;Phytoplankton;Chlamydomonadaceae;Chlamydomonas;noctigama;17.5;pel;Chlamydomonas noctigama;phytoplankton;Chln;1.24303804868629
Unicellular;Phytoplankton;Chlamydomonadaceae;Chlamydomonas;pseudopulsatilla;17.5;pel;Chlamydomonas pseudopulsatilla;phytoplankton;Chlmp;1.24303804868629
Unicellular;Phytoplankton;Chlamydomonadaceae;Chlamydomonas;rapa;17.5;pel;Chlamydomonas rapa;phytoplankton;Chlr;1.24303804868629
Unicellular;Phytoplankton;Chrysochromulinaceae;Chrysochromulina;cymbium;17.5;pel;Chrysochromulina cymbium;phytoplankton;Chrc;1.24303804868629
Unicellular;Phytobenthos;Naviculaceae;Navicula;antonii;17;ben;Navicula antonii;phytoplankton;Nvclan;1.23044892137827
Unicellular;Phytobenthos;Stephanodiscaceae;Puncticulata;radiosa;17;ben;Puncticulata radiosa;phytoplankton;Pncr;1.23044892137827
Unicellular;Phytoplankton;Pinnulariaceae;Pinnularia;sp.;17;pel;Pinnularia sp;phytoplankton;Pnns;1.23044892137827
Unicellular;Phytobenthos;Sellaphorineae;Sellaphora;stroemii;15.9;ben;Sellaphora stroemii;phytoplankton;Slls;1.20139712432045
Pluricellular;Detritus;particulate;organic ;matter;15.5;pel/ben;Particulate organic matter;detritus;Prom;1.19033169817029
Unicellular;Phytobenthos;Achnanthidiaceae;Planothidium;lanceolatum;15.5;ben;Planothidium lanceolatum;phytoplankton;Plnl;1.19033169817029
Unicellular;Phytobenthos;Fragilariaceae;Staurosira;venter;15.5;ben;Staurosira venter;phytoplankton;Strv;1.19033169817029
Unicellular;Phytoplankton;Mychonastaceae;Mychonastes;sp.;15.5;pel;Mychonastes sp;phytoplankton;Mycs;1.19033169817029
Unicellular;Phytobenthos;Fragilariaceae;Fragilaria;oldenburgiana;15;ben;Fragilaria oldenburgiana;phytoplankton;Frgo;1.17609125905568
Unicellular;Phytobenthos;Gomphonemataceae;Encyonema;ventricosum;15;ben;Encyonema ventricosum;phytoplankton;Encynmvn;1.17609125905568
Unicellular;Phytoplankton;Cocconeidaceae;Cocconeis;placentula;15;pel/ben;Cocconeis placentula;phytoplankton;Cccnspl;1.17609125905568
Unicellular;Phytoplankton;Striatellaceae;Hyalosira;sp.;15;pel;Hyalosira sp;phytoplankton;Hyls;1.17609125905568
Unicellular;Phytoplankton;Scenedesmaceae;Scenedesmus;acutus;15;pel;Scenedesmus acutus;phytoplankton;Scndsmsact;1.17609125905568
Unicellular;Phytoplankton;Scenedesmaceae;Scenedesmus;quadricauda;15;pel;Scenedesmus quadricauda;phytoplankton;Scnq;1.17609125905568
Unicellular;Phytoplankton;Scenedesmaceae;Scenedesmus;aculeolatus;15;pel;Scenedesmus aculeolatus;phytoplankton;Scndsmsacl;1.17609125905568
Unicellular;Phytoplankton;Phacotaceae;Phacotus;lenticularis;15;pel;Phacotus lenticularis;phytoplankton;Phctslnt;1.17609125905568
Unicellular;Phytoplankton;Chlorococcaceae;Tetraedron;minimum;15;pel;Tetraedron minimum;phytoplankton;Ttrm;1.17609125905568
Unicellular;Phytoplankton;Dinobryaceae;Epipyxis;planktonica;15;pel;Epipyxis planktonica;phytoplankton;Eppyxspln;1.17609125905568
Unicellular;Phytoplankton;Euglenaceae;Trachelomonas;globularis;15;pel;Trachelomonas globularis;phytoplankton;Trcg;1.17609125905568
Unicellular;Phytoplankton;Euglenaceae;Trachelomonas;volvocina;15;pel;Trachelomonas volvocina;phytoplankton;Trcv;1.17609125905568
Unicellular;Phytoplankton;Rhizochrysidaceae;Chrysamoeba;tenera;15;pel;Chrysamoeba tenera;phytoplankton;Chrt;1.17609125905568
Unicellular;Phytobenthos;Achnanthidiaceae;Planothidium;rostratum;14.5;ben;Planothidium rostratum;phytoplankton;Plntr;1.16136800223497
Unicellular;Phytobenthos;Fragilariaceae;Staurosira;binodis;14;ben;Staurosira binodis;phytoplankton;Strb;1.14612803567824
Unicellular;Phytobenthos;Naviculaceae;Navicula;cryptotenelloides;13.5;ben;Navicula cryptotenelloides;phytoplankton;Nvclcrypttnlld;1.13033376849501
Unicellular;Phytobenthos;Sellaphoraceae;Sellaphora;verecundiae;13.5;ben;Sellaphora verecundiae;phytoplankton;Sllv;1.13033376849501
Unicellular;Phytoplankton;Achnanthidiaceae;Achnanthidium;minutissimum;13.5;pel;Achnanthidium minutissimum;phytoplankton;Achm;1.13033376849501
Unicellular;Phytobenthos;Achnanthidiaceae;Achnanthidium;pyrenaicum;13;ben;Achnanthidium pyrenaicum;phytoplankton;Achp;1.11394335230684
Unicellular;Phytoplankton;Cymbellaceae;Encyonopsis;microcephala;13;pel;Encyonopsis microcephala;phytoplankton;Encm;1.11394335230684
Unicellular;Phytoplankton;Scenedesmaceae;Crucigenia;crucifera;13;pel;Crucigenia crucifera;phytoplankton;Crcc;1.11394335230684
Unicellular;Phytoplankton;Scenedesmaceae;Crucigenia;quadrata;13;pel;Crucigenia quadrata;phytoplankton;Crcq;1.11394335230684
Unicellular;Phytoplankton;Scenedesmaceae;Crucigeniella;rectangularis;13;pel;Crucigeniella rectangularis;phytoplankton;Crcr;1.11394335230684
Unicellular;Phytoplankton;Pyramimonadaceae;Cymbomonas;tetramitiformis;13;pel;Cymbomonas tetramitiformis;phytoplankton;Cymt;1.11394335230684
Unicellular;Phytoplankton;Aulacoseiraceae;Aulacoseira;islandica;12.95;pel;Aulacoseira islandica;phytoplankton;Alci;1.11226976841727
Unicellular;Phytoplankton;Chrysocapsaceae;Chrysosaccus;sp.;12.75;pel;Chrysosaccus sp;phytoplankton;Chrys;1.10551018476997
Unicellular;Phytobenthos;Catenulaceae;Amphora;indistincta;12.6;ben;Amphora indistincta;phytoplankton;Ampi;1.10037054511756
Unicellular;Phytobenthos;Achnanthaceae;Platessa;conspicua;12.5;ben;Platessa conspicua;phytoplankton;Pltc;1.09691001300806
Unicellular;Phytobenthos;Cymbellaceae;Encyonopsis;subminuta;12.5;ben;Encyonopsis subminuta;phytoplankton;Encynps;1.09691001300806
Unicellular;Phytoplankton;Scenedesmaceae;Schroederiella;apiculata;12.5;pel;Schroederiella apiculata;phytoplankton;Scha;1.09691001300806
Unicellular;Phytoplankton;Katablepharidaceae;Katablepharis;sp.;12.5;pel;Katablepharis sp;phytoplankton;Ktbs;1.09691001300806
Unicellular;Phytoplankton;Chlorodendraceae;Tetraselmis;cordiformis;12;pel;Tetraselmis cordiformis;phytoplankton;Ttrc;1.07918124604762
Unicellular;Phytoplankton;Scenedesmaceae;Coelastrum;astroideum;11.75;pel;Coelastrum astroideum;phytoplankton;Clsa;1.07003786660776
Unicellular;Phytoplankton;Scenedesmaceae;Coelastrum;microporum;11.75;pel;Coelastrum microporum;phytoplankton;Clsm;1.07003786660776
Unicellular;Phytoplankton;Oocystaceae;Nephrochlamys;subsolitaria;11.75;pel;Nephrochlamys subsolitaria;phytoplankton;Nphs;1.07003786660776
Unicellular;Phytoplankton;Chlorococcaceae;Tetracystis;aeria;11.75;pel;Tetracystis aeria;phytoplankton;Ttra;1.07003786660776
Unicellular;Phytobenthos;Achnanthaceae;Platessa;ziegleri;11.5;ben;Platessa ziegleri;phytoplankton;Pltz;1.06069784035361
Unicellular;Phytobenthos;Achnanthaceae;Platessa;holsatica;11.5;ben;Platessa holsatica;phytoplankton;Plth;1.06069784035361
Unicellular;Phytobenthos;Achnanthidiaceae;Achnanthidium;eutrophilum;11.5;ben;Achnanthidium eutrophilum;phytoplankton;Achnnthdmet;1.06069784035361
Unicellular;Phytobenthos;Cymbellaceae;Gomphocymbellopsis;ancyli;11.5;ben;Gomphocymbellopsis ancyli;phytoplankton;Gmphca;1.06069784035361
Unicellular;Phytoplankton;Phacotaceae;Phacotus;lendneri;11.5;pel;Phacotus lendneri;phytoplankton;Phctslnd;1.06069784035361
Unicellular;Phytoplankton;Cryptomonadaceae;Plagioselmis;lacustris;11.5;pel;Plagioselmis lacustris;phytoplankton;Plgl;1.06069784035361
Unicellular;Phytoplankton;Chromulinaceae;Cyclonexis;annularis;11.25;pel;Cyclonexis annularis;phytoplankton;Cyca;1.05115252244738
Unicellular;Phytobenthos;Achnanthidiaceae;Planothidium;frequentissimum;11;ben;Planothidium frequentissimum;phytoplankton;Plnf;1.04139268515823
Unicellular;Phytobenthos;Achnanthidiaceae;Achnanthidium;exiguum;11;ben;Achnanthidium exiguum;phytoplankton;Achnnthdmex;1.04139268515823
Unicellular;Phytobenthos;Catenulaceae;Amphora;pediculus;11;ben;Amphora pediculus;phytoplankton;Amphrp;1.04139268515823
Unicellular;Amoeba;Bodonaceae;Bodo;sp.;10.5;pel;Bodo sp;invertebrate;Bdsp;1.02118929906994
Unicellular;Amoeba;fam.;Aurigamonas;solis;10.5;pel;Aurigamonas solis;invertebrate;Args;1.02118929906994
Unicellular;Bacteria;Methanoregulaceae;Methanospirillum;sp.;10.5;ben;Methanospirillum sp;bacteria;Mthnss;1.02118929906994
Unicellular;Phytobenthos;Fragilariaceae;Staurosira;construens;10.5;ben;Staurosira construens;phytoplankton;Strc;1.02118929906994
Unicellular;Bacteria;Methanobacteriaceae;Methanobacterium;sp.;10.25;ben;Methanobacterium sp;bacteria;Mthnbs;1.01072386539177
Unicellular;Amoeba;Cercomonadidae;Cercomonas;edax;10;pel;Cercomonas edax;invertebrate;Crce;1
Unicellular;Phytoplankton;Palmellaceae;Sphaerocystis;schroeteri;10;pel;Sphaerocystis schroeteri;phytoplankton;Sphrcs;1
Unicellular;Phytoplankton;Dinobryaceae;Kephyrion;mastigophorum;10;pel;Kephyrion mastigophorum;phytoplankton;Kphm;1
Unicellular;Phytoplankton;Dinobryaceae;Kephyrion;sp.;10;pel;Kephyrion sp;phytoplankton;Kphs;1
Unicellular;Phytoplankton;Dinobryaceae;Kephyrion;sp2;10;pel;Kephyrion sp2;phytoplankton;Ksp2;1
Unicellular;Phytoplankton;Dinobryaceae;Kephyrion;littorale;10;pel;Kephyrion littorale;phytoplankton;Kphl;1
Unicellular;Phytoplankton;Cryptomonadaceae;Plagioselmis;nannoplanctica;10;pel;Plagioselmis nannoplanctica;phytoplankton;Plgn;1
Unicellular;Phytobenthos;Stephanodiscaceae;Cyclotella;costei;9.75;ben;Cyclotella costei;phytoplankton;Cycc;0.989004615698537
Unicellular;Phytobenthos;Achnanthidiaceae;Achnanthidium;atomoides;9;ben;Achnanthidium atomoides;phytoplankton;Acha;0.954242509439325
Unicellular;Phytobenthos;Naviculaceae;Navicula;utermoehlii;9;ben;Navicula utermoehlii;phytoplankton;Nvcu;0.954242509439325
Unicellular;Phytobenthos;Stephanodiscaceae;Discostella;stelligera;9;ben;Discostella stelligera;phytoplankton;Dscs;0.954242509439325
Unicellular;Phytoplankton;Pinguiochrysidaceae;Glossomastix;chrysoplasta;9;pel;Glossomastix chrysoplasta;phytoplankton;Glsc;0.954242509439325
Unicellular;Phytobenthos;Cocconeidaceae;Cocconeis;neothumensis;8.5;ben;Cocconeis neothumensis;phytoplankton;Cccn;0.929418925714293
Unicellular;Phytoplankton;Radiococcaceae;Coenocystis;subcylindrica;8;pel;Coenocystis subcylindrica;phytoplankton;Cncs;0.903089986991944
Unicellular;Phytoplankton;Scenedesmaceae;Didymocystis;fina;8;pel;Didymocystis fina;phytoplankton;Ddyf;0.903089986991944
Unicellular;Phytoplankton;Scenedesmaceae;Didymocystis;planktonica;8;pel;Didymocystis planktonica;phytoplankton;Ddyp;0.903089986991944
Unicellular;Phytoplankton;Phaeoplacaceae;Phaeoplaca;thallosa;8;pel;Phaeoplaca thallosa;phytoplankton;Phpt;0.903089986991944
Unicellular;Phytobenthos;Naviculaceae;Mayamaea;alcimonica;7.75;ben;Mayamaea alcimonica;phytoplankton;Myma;0.88930170250631
Unicellular;Phytobenthos;Achnanthidiaceae;Achnanthidium;straubianum;7.5;ben;Achnanthidium straubianum;phytoplankton;Achs;0.8750612633917
Unicellular;Phytoplankton;Dinobryaceae;Pseudokephyrion;conicum;7.5;pel;Pseudokephyrion conicum;phytoplankton;Psdkc;0.8750612633917
Unicellular;Phytobenthos;Fragilariaceae;Staurosira;pinnata;7;ben;Staurosira pinnata;phytoplankton;Strp;0.845098040014257
Unicellular;Phytoplankton;Chlorellaceae;Chlorella;pyrenoidosa;7;pel;Chlorella pyrenoidosa;phytoplankton;Chlrp;0.845098040014257
Unicellular;Phytoplankton;Chlorellaceae;Chlorella;saccharophila;7;pel;Chlorella saccharophila;phytoplankton;Chlrls;0.845098040014257
Unicellular;Phytoplankton;Chlorellaceae;Chlorella;vulgaris;7;pel;Chlorella vulgaris;phytoplankton;Chlv;0.845098040014257
Unicellular;Phytoplankton;Salpingoecidae;Salpingoeca;frequentissima;6.5;pel;Salpingoeca frequentissima;phytoplankton;Slpf;0.812913356642856
Unicellular;Amoeba;Metopiidae;Metopion;fluens;6.25;pel;Metopion fluens;invertebrate;Mtpf;0.795880017344075
Unicellular;Phytoplankton;Pedinellales;Pseudopedinella;sp.;6;pel;Pseudopedinella sp;phytoplankton;Psdps;0.778151250383644
Unicellular;Phytoplankton;Chlorococcaceae;Chlorococcum;sesoko;5.5;pel;Chlorococcum sesoko;phytoplankton;Chlrcs;0.740362689494244
Unicellular;Phytoplankton;Chromulinaceae;Ochromonas;vasocystis;5.5;pel;Ochromonas vasocystis;phytoplankton;Ochv;0.740362689494244
Unicellular;Phytoplankton;Chromulinaceae;Spumella;elongata;5.2;pel;Spumella elongata;phytoplankton;Spme;0.716003343634799
Unicellular;Ciliates;Codonosigidae;Monosiga;brevicollis;5;pel;Monosiga brevicollis;invertebrate;Mnsb;0.698970004336019
Unicellular;Phytoplankton;Ochromonadaceae;Uroglena;americana;5;pel;Uroglena americana;phytoplankton;Urga;0.698970004336019
Unicellular;Phytoplankton;Pavlovaceae;Exanthemachrysis;gayraliae;5;pel;Exanthemachrysis gayraliae;phytoplankton;Exng;0.698970004336019
Unicellular;Phytoplankton;Pedinellaceae;Pteridomonas;danica;4.75;pel;Pteridomonas danica;phytoplankton;Ptrd;0.676693609624867
Unicellular;Bacteria;Cytophagaceae;Cytophaga;sp.;4.65;pel;Cytophaga sp;bacteria;Cyts;0.667452952889954
Unicellular;Cyanobacteria;Merismopediaceae;Aphanocapsa;sp.;4.5;pel;Aphanocapsa sp;cyanobacteria;Aphs;0.653212513775344
Unicellular;Cyanobacteria;Microcoleaceae;Microcoleus;sp.;4.5;pel;Microcoleus sp;cyanobacteria;Mcrcls;0.653212513775344
Unicellular;Phytoplankton;Paraphysomonadaceae;Paraphysomonas;imperforata;4.35;pel;Paraphysomonas imperforata;phytoplankton;Prpi;0.638489256954637
Unicellular;Bacteria;Methanoregulaceae;Methanolinea;sp.;4.25;ben;Methanolinea sp;bacteria;Mthnls;0.628388930050311
Unicellular;Cyanobacteria;Chroococcidiopsidaceae;Chroococcidiopsis;sp.;4;pel;Chroococcidiopsis sp;cyanobacteria;Chrcccds;0.602059991327962
Unicellular;Cyanobacteria;Nitrospiraceae;Synechocystis;parvula;4;pel;Synechocystis parvula;cyanobacteria;Synp;0.602059991327962
Unicellular;Cyanobacteria;Nitrospiraceae;Synechocystis;sp1;4;pel;Synechocystis sp1;cyanobacteria;Ssp1;0.602059991327962
Unicellular;Phytoplankton;Coccomyxaceae;Nannochloris;sp.;4;pel;Nannochloris sp;phytoplankton;Nnns;0.602059991327962
Unicellular;Cyanobacteria;Microcystaceae;Microcystis;sp.;3.75;pel;Microcystis sp;cyanobacteria;Mcrcys;0.574031267727719
Unicellular;Bacteria;Flavobacteriaceae;Flavobacterium;sp.;3.5;pel;Flavobacterium sp;bacteria;Flvs;0.544068044350276
Unicellular;Phytoplankton;Isochrysidaceae;Erkenia;subaequiciliata;3.5;pel;Erkenia subaequiciliata;phytoplankton;Erks;0.544068044350276
Unicellular;Phytoplankton;Chromulinaceae;Ochromonas;sp.;3.5;pel;Ochromonas sp;phytoplankton;Ochs;0.544068044350276
Unicellular;Cyanobacteria;Nostocaceae;Nostoc;sp.;3.25;ben;Nostoc sp;cyanobacteria;Nsts;0.511883360978874
Unicellular;Phytoplankton;Chlorellaceae;Picochlorum;atomus;3;pel;Picochlorum atomus;phytoplankton;Pcca;0.477121254719662
Unicellular;Phytoplankton;Chlorellaceae;Picochlorum;eukaryotum;3;pel;Picochlorum eukaryotum;phytoplankton;Pcce;0.477121254719662
Unicellular;Phytoplankton;Synuraceae;Paraphysomonas;butcheri;2.7;pel;Paraphysomonas butcheri;phytoplankton;Prpb;0.431363764158987
Unicellular;Cyanobacteria;Microcystaceae;Mycrocystis;aeruginosa;2.5;pel;Mycrocystis aeruginosa;cyanobacteria;Myca;0.397940008672038
Unicellular;Phytoplankton;Coccomyxaceae;Choricystis;minor;2.5;pel;Choricystis minor;phytoplankton;Chrm;0.397940008672038
Unicellular;Bacteria;Methanocellaceae;Methanocella;sp.;2.05;ben;Methanocella sp;bacteria;Mthncs;0.311753861055754
Unicellular;Phytoplankton;Pinguiochrysidaceae;Pinguiochrysis;sp.;2;pel;Pinguiochrysis sp;phytoplankton;Pngs;0.301029995663981
Unicellular;Cyanobacteria;Leptolyngbyaceae;Leptolyngbya;sp.;1.85;ben;Leptolyngbya sp;cyanobacteria;Lpts;0.267171728403014
Unicellular;Cyanobacteria;Synechococcaceae;Synechococcus;elongatus;1.15;pel;Synechococcus elongatus;cyanobacteria;Syne;0.0606978403536116
Unicellular;Bacteria;Methylococcaceae;Methylobacter;sp.;1.01;ben;Methylobacter sp;bacteria;Mthylbs;0.00432137378264258
Unicellular;Bacteria;Methylococcaceae;Methylococcus;sp.;1.01;ben;Methylococcus sp;bacteria;Mthylccs;0.00432137378264258
Unicellular;Bacteria;Methylocystaceae;Methylocystis;sp.;1.01;ben;Methylocystis sp;bacteria;Mthylcys;0.00432137378264258
Unicellular;Bacteria;Methylocystaceae;Methylosinus;sp.;1.01;ben;Methylosinus sp;bacteria;Mthylss;0.00432137378264258
Unicellular;Bacteria;Methylococcaceae;Methylocaldum;sp.;1.01;ben;Methylocaldum sp;bacteria;Mthylcls;0.00432137378264258
Unicellular;Bacteria;Methylococcaceae;Methylomicrobium;sp.;1.01;ben;Methylomicrobium sp;bacteria;Mthylms;0.00432137378264258
Unicellular;Bacteria;Methylococcaceae;Methylogaea;sp.;1.01;ben;Methylogaea sp;bacteria;Mthylgs;0.00432137378264258
Unicellular;Bacteria;Methanoregulaceae;Methanoregula;boonei;1.01;ben;Methanoregula boonei;bacteria;Mthb;0.00432137378264258
